{"cameraMode":{"drawMode":0,"name":"Shaded","section":"Shading Mode"},"sceneLighting":true,"audioPlay":false,"sceneViewState":{"showFog":true,"showMaterialUpdate":false,"showSkybox":true,"showFlares":true,"showImageEffects":true,"showParticleSystems":true},"in2DMode":false,"pivot":{"x":-4.045951843261719,"y":-1.4042162895202637,"z":-4.211191177368164},"rotation":{"x":-0.037804294377565387,"y":0.9198976755142212,"z":-0.09165623784065247,"w":-0.3794184625148773},"size":10.0,"orthographic":false}